OrgNo;Name
810463902;E Berentsen AS
810684402;BLOKKEN SKIPSVERFT EIENDOM AS
811320862;KLINGVIG AS
811445312;TRYGVE M ENGEBY AS
811550582;CAMPUS 4 AS
811564222;TORGHALLEN BODØ AS
811573582;BY1BIL AS
811576352;ØST BOLIGUTVIKLING AS
811576662;VESTAKSEN SENTRUM AS
811607002;ACEA DEVELOPMENT AS
811613932;Axelar AS
811620122;UTEPLASSEN.NO AS
811661392;ØYNEBRÅTEN ANLEGGSTEKNIKK AS
811717142;OLSEN AUTO JESSHEIM AS
811727962;Storebotn Utleie AS
811736252;STIFTELSEN SÆTRE GÅRD
811738042;NESTTUNVEGEN 99 INVEST AS
811765422;Skintonic Svolvær AS
811767662;SFD TECHNOLOGY AS
811780332;SIVILINGENIØR OLE HAMMARI AS
811780812;PER OLE OSKAL
811783072;Lillebakk Holding AS
811786322;Kunstmaler Lars Tveit AS
811851612;KARLSAUNE MASKIN AS
811855162;PLASSEN FLORØ AS
811864722;BB GYM TROMSØ AS
811867152;HANS-HENRIK FURULUND EIENDOM AS
811868892;PK PAINTING POVILAS KASELIS
811880132;DIAMOND ROAD MUSIC AS
811903922;ECONOMICA AS
811927392;DANIELSEN EL-SUPORT V/JARLE BERNT DANIELSEN
811932892;SALTENS DAMP EIENDOM AS
811956732;RØKENES GÅRD & GJESTEHUS AS
811987972;SØRESTRANDA EIENDOM AS
811996432;M7 Regnskap AS
811998222;RAYMOND ARONSEN TRANSPORT & GRAVING AS
812003402;JÆRENS ÆRVERDIGE FORENING FOR UISGE BEATHA'S FREMME
812026542;Tronds Montasjeservice Trond Petter Michelsen
812070592;Herbrandsen Invest AS
812084232;FOSEN DYREKLINIKK AS
812100882;NITRA AS
812105302;Sameiet Prinsens Gate 3b
812124072;Storenga AS
812159062;Askepotts Renhold AS
812159852;Veamyr Entreprenør AS
812164872;FOLKETS HUS NARVIK AS
812166972;TMG 61 HOLDING AS
812168142;DALE CAPITAL AS
812170112;BLOMSTERBAKKEN 2 AS
812172352;EVENES BYGDESERVICE AS
812178792;T&R HAUGEN MASKIN AS
812181912;VINDUSPUSSEREN AS
812183192;PRIMÆRKONTAKTEN FOR MUSKEL-OG SKJELETTPLAGER AS
812184032;DREVFJELL AS
812236342;Frekhaug Byggsenter AS
812245732;Organic Feelgood AS
812262432;MASKIN UTLEIE AS
812276212;Feel Free Production AS
812306782;CAMPUS 6 AS
812376152;FREDLUND TØMRERFIRMA
812387502;Cafe C Stavanger AS
812388592;HELGA LIND GÅRDEN
812394312;RAMSØ MASKIN IDAR RAMSØ
812439502;Båtkalesjer AS
812440012;ANDREW JOHN WELLS PIANOENTERTAINER
812467492;FIT4FUN AS
812482122;WILL.I.JUICE AS
812490672;TVETENVEIEN 154 B AS
812496832;BORGUNDFJORDVEIEN 108 AS
812536532;HAAGAAS INVEST AS
812555472;EVENT & HAPPENINGS AS
812570552;GLIMT MEDIA AS
812574272;REINSVE EIENDOM AS
812579622;Fridahl Eiendom AS
812635042;BIPA DRILLING AS
812673122;Brenna Entreprenør AS
812722352;Eivind A. Langnes
812761722;PROFF HAND AS
812790242;KANALTOMTA AS
812796712;ARAGON MEDIA AS
812802062;LE'GANZ OUTLET AS
812830732;Bookkeeper Os AS
812865412;HALLANGSPOLLEN VA-DRIFT SA
812893602;BSL BYGG AS
812898752;Taxitomta Ii AS
812900862;DAKINI DHARMA PROJECTS AS
812972502;REVOLVER AS
812977652;FINN ARNE SIVERTSEN
812978322;STAVANGER INVESTERING SELSKAP AS
812980262;CAMPUS 7 AS
813049902;CARTER HOLDING AS
813050412;HAUGALAND TAK&BYGG AS
813062372;BTECHNOLOGIES AB FILIAL I NORGE
813077132;SOLVIK UTVIKLING 1 AS
813100622;VENTILASJON OG MONTASJE AS
813104482;R15 Holding AS
813132702;SET SAIL AS
813170442;BAG CATERING AS
813181282;BYGGSØK NORGE AS
813203472;TORJUSEN BRANNSERVICE AS
813226642;Byggmester Gunnar Breivik AS
813255642;VANDRESKOEN AS
813259052;SALTFJELLET HOTELL POLARSIRKELEN AS
813259842;ANDREAS AS
813279312;CONTINUUM MANAGEMENT AS
813288842;MARVIN HANSEN EIENDOM AS
813297442;TRØNDERHOPP AKTIVITET AS
813302152;ARB INVEST AS
813307782;JKG MUR AS
813307952;LANDSTIL AS
813308312;GORSETGRENDA VEILAG OG HYTTEFORENING SA
813317052;METRO SØR AS
813322072;FAIRYTALE PRODUCTION AS
813326132;ISSO RENHOLD AL-MASRI
813337592;Moderne Bygg 1 AS
813355442;VESTVÅGØY TAXI AS
813369702;HILUX AS
813397552;Fruktgården AS
813424282;DENARIUS RINGSRUD
813452642;FOTOGRAF MATS JENSAAS AS
813459272;TRETEKNIKK ØSTFOLD AS
813463202;SORTLAND MAT & VINHUS AS
813536412;VEKO MASKIN AS
813544342;OSLAND AS
813550172;ZENARIO AS
813560852;PMB EIENDOM AS
813561212;FORNEBU BUTIKKDRIFT AS
813564572;ANALYSYS MASON AS
813587882;Löwenstein Tømrer AS
813587912;Fusa Lyd & Lys AS
813598132;UNSTAD ARCTIC SURF AS
813622882;Steigen Boligutleie AS
813666782;CONFURA AS
813672812;PRATERIET SPRÅKSENTER AS
813694832;HENRIKSEN BYGG AS
813709252;Boligmesteren Prosjekt AS
813771462;BYGGMESTERAN HOLDING AS
813798832;RINGVEIEN 5 AS
813837692;TYTLANDSVIK AQUA AS
813841592;Leirvik Sveis A/S
813842122;THAMS EIENDOMSUTVIKLING AS
813855372;Tsrevisjon AS
813873052;Stiftelsen Kåkå Kverulantkatedralen
813874792;OK Transport & Maskin AS
813933632;ROGALAND DRIFTSSERVICE AS
813968282;BETA ORGANISASJONSUTVIKLING LINN RASCH AUNE
813968592;TRAA BYGG as
813973472;ANDREAS WAAG MARTINSEN
813984792;ORDINEM SIA
813999722;STIG PEDER JOHANSEN AS
814059472;ARCTIC HOST AS
814068072;SAMEIET SOLSIDEN
814073432;MR LOKALMATSENTER AS
814077292;ANSI HOLDING AS
814078752;Lokalveien Utvikling AS
814082822;KRO HOLDING AS
814084272;ELVIS ELEKTRO AS
814084922;TROND OLSEN MUR & FLIS AS
814125432;HAUGESTAD AS
814133842;PRIMA ENERGI AUST-AGDER AS
814138712;G&A Air AS
814184072;INDUNOR AS
814213242;FISKUM NÆRINGSPARK AS
814225992;NORSK RUTEBILSTASJON AS
814232662;DF RENTAL AS
814266222;SIV. ING. STENER SØRENSEN AS
814266532;GOKSØYR & MARTENS
814286592;BJØRNEVIK TRANSPORT AS
814308782;ZAKS FRISØR AS
814311422;JM RENTAL AS
814321002;STERKT DESIGN AS
814324982;STADIONPARKEN BOLIG AS
814340872;B&T LOGISTIKK AS
814350932;ARCTIC SWAN AS
814351432;Mobekk Invest AS
814366162;HELGELAND OPPDRETTSERVICE AS
814368742;BOTNANS KAFÈ OG CATRING
814379892;INNOVATION LAB NORGE AS
814391132;Lator Skiltfabrikk AS
814398862;JUJO INVEST AS
814419762;BLOMSTERBAKKEN 2 II AS
814424812;GODBITEN SZABELSKA
814467902;HOUSE OF HAIR AS
814484602;RØYRMYRA VINDPARK AS
814499022;PEPCALL AS
814500632;GAMLE FREDRIKSTAD HÅNDBALLKLUBB
814530922;Sameiet Krags vei 10
814531082;AVANT
814537102;Accon Group AS
814568342;DIEM AS
814572862;THF AS
814573982;Trogi AS
814605752;VARANGER SPORTSLAGER AS
814609952;Son Kiropraktikk & Helse AS
814633462;HS INVEST AS
814721132;KONGENS GATE 26 AS
814732142;BRANDSHAUGS GARAGE RAYMOND BRANDSHAUG
814737772;VEKSTHUSET EIENDOM AS
814767302;JGG AS
814779912;NT REFECTIO X AS
814780082;UTTIAN FISK AS
814787362;KARSTENSENS AS
814800202;AKNATON AS
814835022;DYRUD MASKIN OG UTEMILJØ AS
814837882;POG TRADING AS
814849732;Bakermesteren Elverum AS
814867072;KARLSEN BYGG
814869342;GULVSYSTEM NORD-NORGE AS
814880702;Løvlie Hytteservice
814881962;PRYD AV CAPELLI AS
814905632;ASKE BRYGGERI AS
814906442;BJØRN WILLY STENSENS TAXI
814910652;ARCTIC ELEKTRO AS
814924122;Lyder Fiskebåt AS
814934942;EATS 3 AS
814938352;Skomakergarden AS
814950662;INTERLOCK AS
814973492;Br Byggservice AS
815001052;KOKSTAD TANNLEGEPRAKSIS AS
815008022;N33 Bolig AS
815043782;INPROG AS
815049942;KONSULENT1WISMAR HENRIK WISMAR
815062582;CREATIVE MILL AS
815070542;DIN BUSSTUR AS
815101812;RØRLEGGER RUNE FLEM AS
815101952;NT REFECTIO XII AS
815105222;SWANTECH AS
815143272;STIAN STEFFENSEN AS
815161742;MATRIX ADVOKATER AS
815162692;LEMONWAX AS
815177762;START&DYNAMO OG BILELEKTRO AS
815179722;MEDIA DIGITAL AS
815180542;ISOENERGI NORDLAND AS
815237242;Blikkenslager Fahlstrøm & Magnussen AS
815244672;Scandinavian Reach Technologies AS
815247922;BALKONGSENTERET AS
815265262;ÅSTORP GÅRD ANS
815269772;Business Administration Services AS
815274032;Fagerlia Hytteforening
815279352;JORUNN PETERSEN
815286952;RAMONA SKOSALON AS
815293622;ING. ROBIN SVENDSEN AS
815295242;ARXX THERAPEUTICS AS
815330412;ROGALAND SPORT AS
815332342;Vestmar Service AS
815346572;FAZENDA UTVIKLING AS
815357892;Mac & Tusj AS
815359062;NORSK BYGNINGSRÅDGIVNING AS
815389182;T RIISE AS
815412982;Glassproffen AS
815420152;MARQUEE AS
815429532;SENTRUMSPASSASJEN AS
815431332;LØVLAND EIENDOM AS
815438612;SKULLERUD CONSULTING AS
815442962;ØYVIND OSNES-RINGEN AS
815450132;MEDIER24 AS
815488482;HALLINGSKARVET EIENDOM AS
815489322;Trudes Hudpleie AS
815497732;HAVN INVEST AS
815498062;AURORA MUSIC AS
815513932;ØYSKIPET AS
815540662;JÆRKOKKEN AS
815547322;BELLA CAMPING AS
815580672;Startmicrohousing AS
815585232;Annex Consulting AS
815592972;SEMAK AS
815603702;JB ANLEGGSSERVICE AS
815607732;NOORTH AS
815609522;LINDELID AS
815612892;PRESTESTIEN TANNLEGEPRAKSIS AS
815623932;Ah Takstservice AS
815649842;Svanelv Maskin AS
815671392;HDR AS
815672852;HV VII INVEST JULIET II AS
815686322;HQ SERVICES AS
815687922;Vedterminalen Gunnar Hyllnes
815714512;CARDINOR AS
815719972;SIVILØKONOM JOHAN MATHIS SOMBY
815784332;VVD EXPERIENCE LARS OVEN PETTERSEN
815793382;Speidernes beredskapsgruppe Sør-Vest
815797132;Drift Snph AS
815799372;NORMARINE ENGINEERING AS
815818652;MØRENOT ROBOTICS AS
815822102;TELLUS TRADING AS
815835662;DIN KONFERANSEPARTNER AS
815845382;Tenderhågen Eiendom AS
815847822;PURGATO SERVICE AS
815863372;PRESS PLAY PRODUCTIONS AS
815879732;N. GRØNSETH AS
815895142;NORDYNAMIC AS
815896122;BULINSKI ENGINEERING
815903862;Skarnes Farvehandel Knut Ivar Brinck
815938542;LISA FLATTUM
815965302;Tjenna Barnehage AS
816007372;Sameiet Kjempeholen 1 Og 3
816014492;BERGEN KRISTNE BOKHANDEL AS
816026172;MONKSIDE AS
816034272;Vitartak AS
816034612;IRIS REGNSKAP AS
816037522;KLEVEN BYGG HOLDING AS
816039142;STIAN SKJELBRED AS
816069122;Vålerenga Stadion AS
816073502;iProsess AS
816107172;Hvarnes Eiendom AS
816114462;FJORD & FJELL HOTEL ULVIK AS
816142032;JAMES STRONG AS
816148812;CREATOR MAKERSPACE AS
816161282;BRØDRENE EK EIENDOM AS
816163072;BØLJAN BLÅ AS
816166012;Austevikvegen 10 AS
816195292;HNP INFRA 2 AS
816195322;HNP 4 AS
816198992;STORE O AS
816214882;ELVEPARKEN EIENDOM AS
816222362;Studio 10
816235502;INDUSTRISTÅL AS
816273242;BÅRSTUA AS
816277752;BENT-ÅGE LUND RUSTAD
816298512;H5 NORGE AS
816309972;SJØHOLMEN AS
816315492;GUTTORMSEN BEMANNING OG UTLEIE AS
816324882;REKA NAGY NEGLEDESIGN
816340012;Ll Eiendom Harstad AS
816340152;TØMRERMESTER EIRIK AMUNDSEN AS
816343372;JARNES.NO AS
816349982;BERKON AS
816360552;VALLE EIE AS
816480922;CLEAR INK AS
816492882;DONKEYBOY MUSIC GROUP AS
816494532;DALSMARKEN
816496012;OLSRUDSKAUEN 10-12 AS
816499372;ROKO REKKVERK AS
816504562;ENVIRO AS
816505682;HFB Lofoten AS
816508762;UTLEIETELT.NO AS
816516552;Båtsfjord Fiskedelikatesser AS
816535042;VEGARD HARM
816559812;JAIME COELHO ART AND DESIGN
816561752;GUNNA AS
816572932;HØGEBAKKEN EIENDOM AS
816632102;TEAM SERVICE J. OLSEN AS
816636582;SC Agency AS
816640652;OLJE INVEST AS
816655552;GLOEN KB INVEST AS
816666392;Credeva Development AS
816667232;NORGES REALFAGSGYMNAS UNGDOMSSKOLE BÆRUM AS
816668522;Slomarka 57 AS
816680042;DITT BYGG SALTEN AS
816683262;OTERHALS INVEST AS
816690102;Teveldal Turistgård AS
816718082;SUPERMANZANA AS
816729432;ENGINEER.IT AS
816765552;TK BETONG OG GRUNN AS
816791642;Heilt På Jordet Anders Kvalø Pettersen
816796822;OSLO GULVLEGGERSERVICE AS
816809932;ANTI AS
816827922;R HANSEN AS
816838002;BR-VANEBO HOLDING AS
816841542;JÆREN SKOGLAG AS
816881412;WICKNEGÅRDEN INVEST AS
816898692;Sport Outlet Geilo 29 AS
816898862;Sport Outlet Fauske 27 AS
816899222;JANSON DA
816900662;TOTENSVEIS AS
816946352;NORSUPPLY EIENDOM AS
816964482;MAWA PLAST AS
816977622;SIGURD-JOHAN THORHEIM CATERING
816996112;GICALA TRANSPORT AS
817011152;STIFTELSEN OVERSKUDDSFABRIKKEN
817020372;RABBEN MARINA AS
817021042;LYNG ILLUSTRATED AS
817084532;Sandvikbygg AS
817089062;MOMENT HOLDING AS
817093582;TEDD AS
817101232;WENCHES PRODUKTER AS
817103022;PROGRESSING MINDS AS
817104762;RÅSTAD FOODS AS
817110592;Eik Enter
817128572;Ainas Kiosk og Helsekost AS
817149332;NORDBYS SJØBOD
817156452;VIPCAR AS
817181902;BESTEMORS EIENDOM AS
817188362;TREVERKET MAT & SKAFFERI AS
817193722;PRIMÆRKONTAKTEN FOR MUSKEL & SKJELETT AS
817208592;SOR CONSULT AS
817245552;NORDENA AS
817263402;NORWEGIAN INSPECTION SERVICE AS
817270492;Kraft Glass Bømlo AS
817279872;GOMAP AS
817309682;RABBEN RESTAURANT AS
817330622;YXNEY MARITIME AS
817356052;GLASSMESTER BODØ AS
817357202;LATEBRO AS
817364462;HELMER LUNDGREENS GATE 2 AS
817372902;LANGVIK MASKIN AS
817381332;NT REFECTIO XVI AS
817398022;RETAIL SOLUTION AS
817400612;NESSET DYREKLINIKK AS
817403492;NORMAR TRADING AS
817404502;TOOLER AS
817456332;Cloud Investments AS
817471862;STORGATA PLATEBAR AS
817472222;STORMHAV AS
817485812;INVENTRIX AS
817492622;MIDAS EIENDOM AS
817524222;Teoriappen AS
817539602;5 ZENZES AS
817548822;MLUNIA AS
817554822;ALL IN SPORTS AS
817608582;SUNDVÅGEN KYSTFISKE AS
817627722;PROJECT NEON AS
817636012;JTC AUTO AS
817648452;VONSTETT MEDIA AS
817649602;SILING INVEST AS
817650082;2TRE GO AS
817668992;ART BY LENA ANDERSEN
817670032;STOR OSLO VEI OG ANLEGG AS
817677282;FAUN AS
817681972;JURO EIENDOM AS
817687512;LEYER AS
817693482;SCAN-DIVE AS
817707742;SIGRUN BEKKEVOLD
817708382;PARKETTSLIPEREN NORGE AS
817719902;HEMJERN AS
817737382;NITTAYA THAIMAT AS
817741142;BELLE HOTELLDRIFT AS
817744362;OPPMUNTRING AS
817752292;MEIE AS
817758142;KERMES & SAFFRON AS
817769152;STOKKE INDUSTRI EIENDOM AS
817781322;JENS A. LARSEN AAS ILLUSTRATION & DESIGN
817798772;HØSTBAKKEN EIENDOMSSERVICE AS
817815782;Draftit Privacy AS
817826202;LOFOTSTRIKK GRO AGNETE BERGLUND
817833942;NESTA UTMARK AS
817860532;MULTISERVICE NORD NORGE AS
817864872;GLOBAL RENTALS AS
817866182;STELLA EIENDOM AS
817873162;Sport Outlet Harstad 31 AS
817896952;MANGA RISIO ONWUAGHA
817902022;4 SMIL AS
817912532;BALCHENBIL AS
817919472;BOMPENGESELSKAP NORD AS
817922392;SKULLERUD RØR AS
817927262;HARK TECHNOLOGIES AS
817932932;Bredbåndservice AS
817934722;PRESSURA AS
817950892;HYLKJE NÆRINGSBYGG 12 AS
817993362;EAPARTNER AS
817995012;JESSHEIM TRANSPORT AS
818004842;GROSSISTEN AS
818021682;KARNE HOLDING AS
818021992;SÆTHER KYSTFISKE AS
818032102;SYKEPLEIER JANE BERIT BERG
818039662;Trondheim Ølutsalg AS
818059132;FUCHS KIROPRAKTIKK
818065892;SANNE AS
818095732;CFPH AS
818097832;SKRANEVEGEN 52 AS
818103492;BOD OG BEDRING AS
818112572;Maison Grabot AS
818130252;Louises Gårdsdrift AS
818131062;Wiggo Erichsen Holding AS
818140932;LCA.NO AS
818160682;SMUDART CRAFTS WENCHE ANDERSEN
818187432;GRATANGEN RØDE KORS
818274882;BIRKEBEINERSPELET AS
818280122;BRISOL LOFOTEN AS
818284942;KVIA INVESTERING AS
818286252;Mlunia 2 AS
818287712;VOLT SERVICE AS
818297572;ELVFJORDEN HOLDING AS
818312512;Hi5 Film AS
818315562;TEIGEN TOTAL AS
818316712;BASSKON AS
818340532;EIDE LEGESENTER AS
818342322;West Robotics And Digitalisation AS
818343752;BIG FISH NORGE AS
818347472;VARIAL MEDIA AS
818347952;Boligutvikling Stavanger AS
818351682;JACOB KJØDES EIENDOM AS
818370652;SALTEN FISKEINDUSTRI AS
818377142;TANNSMIA AS
818398832;BERGSKOGEN AREAL AS
818414862;BG VAULT AS
818428812;CLAN AS
818434472;TEAM LEWEL AS
818441622;FRAM X AS
818448252;TB CONSULT AS
818476272;EIGANES INTERNATIONAL SCHOOL AS
818491352;Haugbukta Fysikalske ANS
818500742;BLUEOCEAN MARINE AS
818500912;Mindshift AS
818501072;EPOXYTEC AS
818510292;NORWEGIAN RAIN ROOM AS
818547102;SIKKERHET 24/7 AS
818562632;SUNLAND-EKER EIENDOM AS
818576552;HERREKLINIKKEN NORGE AS
818577672;COLLECTIVE AS
818594682;BRÅTVEIT ENTREPRENØR AS
818601212;GO2LOFOTEN AS
818609582;ESSENS VIGDIS DAGSPA AS
818625952;LYNGVÆR BEMANNING AS
818627262;BERTGEN-BYGG AS
818656742;ACER DIXON AS
818658192;NYGAARDSGATA 39 HOLDING AS
818668252;VETERINÆR ELVENES AS
818670362;BOBIL OSLO AS
818671652;PUDDING-TV AS
818672322;INTSA AS
818679262;BYGG & EIENDOM VEST AS
818692722;CAM Eiendom AS
818705182;STR8LINE AS
818711832;LUFTAMBULANSETJENESTEN HF
818718152;Røyskatt Holding AS
818720572;VALLØ BÅT AS
818746032;Geiranger Camping AS
818755112;VIK ASSURANSE AS
818765622;Uomo AS
818767072;Prosjekt Service AS
818770472;EFFEE AS
818772092;SVOLVÆR HAVN DRIFT AS
818780672;Bv Bygg AS
818786492;STORØYODDEN EIENDOM AS
818788282;PETROLEUM EIENDOM AS
818810962;SUSHI 153 COLLORA
818858892;AE HOLDCO AS
818859872;STEINBRA BØMLO AS
818865082;HAVBRUKSPARTNER AS
818941382;Risørholmen Holding AS
818952872;Thomassen Rør AS
818983662;EMS-FEHN-GROUP SCANDINAVIA AS
819004722;ENERGISUPPORT AS
819006482;VIKSKJÆR AS
819016682;ES BYGG OG RENOVERING STANEVICIUS
819035172;TECHFIKS AS
819042462;Anskaffelsesadvokaten AS
819046972;IDÉHUS HARSTAD AS
819061602;Wok Ben Tre Sushi Takeaway AS
819072272;VEST HAVBRUK AS
819088632;STIFTINGA FEST I VEST
819113912;NORSK SOLAR AS
819115842;Ml-Service Jukka Matias Lehtinen
819132992;BYGG OG BRANNTEKNIKK AS
819139652;JANNE LARSEN HOLDING AS
819149712;FEEL24 TROMSØ AS
819154082;JON TORE SAND AS
819155372;AAA CARCARE AS
819165572;KYSTEN VANNSPORT AS
819167362;Baumah Krzysztof Zalewski
819175632;B&D UTVIKLING AS
819180792;Tømrer Th Andersen
819196672;Wieland BlueSea AS
819200262;VANYLVEN BILPLEIE AS
819218862;DESIRED OUTCOME HOLDING AS
819229392;VIDENTIUM AS
819257132;STØYP-IT AS
819272042;VIDAR J KRISTIANSEN AS
819272182;IN THE PARK AS
819306532;WESTJORD
819307792;KAREN CONSULTING
819328692;STAURBAKK AS
819334072;POWERLINE ICS AS
819336172;Skeiv Verden Vest
819348502;Fosen Trapp & Interiør AS
819360502;GLASSCON AS
819378142;ØVSTTUNVEIEN 46 AS
819392692;KNH AS
819405042;KURSEKSPERTEN AS
819415072;FRK. BREKKE AS
819418462;WILDPHOTO NORWAY AS
819421552;BIATHLONTEAM AS
819481822;HENRIETTES KJØKKEN HAUGALANDET AS
819483922;PARA SAMFUNN
819487812;ASKIMREGIONEN NÆRINGSUTVIKLING AS
819494002;NUBBEN BARNEHAGEDRIFT AS
819499292;SIGGMA SUBSEA AS
819502102;TENDRA AS
819511772;SNØFOKK AS
819558752;BY NORWEGIANS AS
819563292;Sport Outlet Lillehammer 45 AS
819572062;GRØNN BOLIG HOLMESTRAND AS
819574502;OPPDAL TRAFIKKSKOLE AS
819607842;Sport Norge Kristiansund 515 AS
819626472;IMN INNOVATION MEDICAL NORWAY JENS KJELDGAARD
819649952;TEACH ME AS
819656312;STAVANGER MASKIN AS
819657742;GDK PRO AS
819700842;MALERBODEN STORD AS
819706662;FØLL AS
819716072;STRABOO AS
819732612;MØRKVED HANDELSEIENDOM AS
819733872;KOBBERLØPET AS
819743142;STOKMARKNESBYGGET AS
819745412;KÅLSTØ HOLDING AS
819748462;CAMAR HOLDING AS
819750092;TØMMERVIKGRUPPEN 2 AS
819757712;FRODE SMINES AS
819760632;RCC INVEST AS
819760772;INGSCAN AS
819777292;MOLDE AUTO AS
819785082;BLUSHSTUDIO AS
819794952;B.TVEIT
819815852;Skarsdalen Utvikling AS
819827842;EA Solutions AS
819832412;APARTÉ AS
819849862;ERM EIENDOM AS
819855072;HALL MONTASJE AS
819855412;Nordisk Vedlikehold AS
819859752;TRE & MASKIN AS
819886482;SAMEIET PRESTGÅRDSLIA
819888132;HJEM & INTERIØR KOMOROWSKA
819894922;BLOMERIET BLOMSTER AS
819923752;KVÅLSETH UTLEIGE AS
819927782;SVIGERFAR AS
819933472;AUTOSPORT VERKSTED AS
819935602;MC GARASJEN AS
819943702;CONVERT EIENDOM AS
819944482;Sana Oris Tannklinikk AS
819944962;PROENCO AS
819952892;IN HOUSE EIENDOMSMEGLING AS
819982252;SEKO ELEKTROTEKNIKK AS
819997292;7 FJELL KJEVEORTOPEDI AS
819998922;TØMRER TOMMY JOHANSEN AS
819999422;TRULS REPPE
820012542;Yako Restaurantdrift AS
820014642;VESTERÅLSGATA 110 AS
820024842;WISER AS
820026012;TOLÅS MARKETING AS
820067592;FNP C3-2 AS
820072332;FNP FELT B VEST AS
820119282;FNP I4-3 AS
820119312;FNP I4-4 AS
820123212;LOFOTEN TRUCKSERVICE UTLEIE AS
820169522;Somna AS
820174402;HBAUER AS
820175972;WT INVESTMENT AS
820177592;PLAN C AS
820180682;HAUGMO AS
820184602;Eierseksjonssameiet Sem Hageby
820230582;SAMEIET KONGENS GATE 28 A-B
820244672;AGGREGAT SERVICE AS
820249682;OLSOK AS
820251342;WEBJØRNSEN TRADING
820260082;ASH AS
820261542;NARVIK BYGG PROSJEKT AS
820277902;KVAMSØY FRITIDSBOLIGER AS
820297032;SEAS ECO AS
820320832;SKARVHYTTA AS
820328922;Sentrum Tannklinikk Alta AS
820365232;HJORTERO EIENDOM AS
820365682;PRORES FIELD MANAGEMENT AS
820370422;BSA BETONGVARE AS
820375572;CURIE AS
820379942;G3 UTVIKLING AS
820382722;Jho Maskin Og Transport AS
820387732;STORMVIND AS
820390342;PAPIRDESIGN AS
820404122;FORENINGEN FORTELLINGENS KRAFT
820411382;Trondheim Stein AS
820416112;Vaar AS
820427092;M&M PROPERTY AS
820430662;GEO BODØ AS
820443942;MVR LANDBRUK & VEIDRIFT AS
820444132;STENVIK POWER GROUP AS
820460642;TETT BYGG AS
820465792;Tregården Restaurant AS
820473752;BALTESKARD BUSS AS
820479572;COMPETE CONSULTING GROUP AS
820488512;MØLLER BYGG AS
820489012;Stavanger-Gynekologene AS
820489462;BYGGLUND AS
820501152;Azteko AS
820506502;WALSETH GÅRD V/ MARIA HERNETKOSKI
820511212;JAN HUGO SVENDSEN INVEST AS
820521692;NORLITA AS
820530942;Helgeland Hogst AS
820538692;JMF BYGG OG EIENDOM AS
820543432;SKARHAUGEN AS
820548442;Sport Norge Mo i Rana 519 AS
820563352;ASPEN PT
820572882;FRAKKE FOLK AS
820590082;RISTE ARKITEKTUR AS
820601882;Leirosen Garasjedrift AS
820602072;KA-SERVICE AS
820602412;BAGØIEN ENDRING, FOREDRAG- OPPLEVELSER-KURS
820604822;INTERKREDITT KAPITAL AS
820609212;SPETAKKEL FESTIVALEN
820618602;Borgebund Bygg AS
820624262;VKT SUPERCARS AS
820625692;FLØIEN EIENDOM AS
820627032;AITRAP AS
820649672;TEAM ADMIN AS
820659112;BLAALID RIV & BYGG AS
820660382;Storheil AS
820674022;KISTEBUNNEN INVEST AS
820708652;ZINO HOLDING AS
820746112;BOLIGRÅDGIVEREN AS
820759362;Haldorgården AS
820774582;SANDRAS GRILL V/NINOS NINOS AFRAM MOSHE
820800052;NANU MALERFIRMA AS
820801482;FAYE-LUND GRAPHICS
820828682;SØRVÅGEN KYSTFISKE AS
820846532;NORTH OF LYNGEN APARTMENTS AS
820847032;HJORTERO HYTTER AS
820848772;SEILET EIENDOM AS
820862562;VILBERG GRUPPEN AS
820872622;ML PLENUM AS
820881192;SANGEETHA JEYABALASINGAM PRASATH
820882652;THORHILD WIDVEY CONSULTING AS
820884892;FAIIR REVISJON DA
820901312;HV VII Invest Foxtrot AS
820914872;ALU VINDUER AS
820919092;RAC KANTINEDRIFT AS
820930762;BYGG & VA RÅDGIVEREN AS
820931262;ENERGI EIENDOM AS
820937422;WICAN REGNSKAP VESTFOLD AS
820938062;STRØMSVIK OFFSHORE AS
820947592;G1S INVEST AS
820962052;Aqua Seapro AS
820963512;PARTNER BERGEN AS
821007062;OLA BØ
821009812;CAV 51 AS
821015162;BIRGER DIMITRIJ HENRIKSEN
821015472;Lantan AS
821016312;Placht Holding AS
821032512;K11 Investor AS
821036372;GREENROOM SOLVOR WIIG
821055652;O.K.A HOLDING AS
821058872;CRO EIENDOM AS
821059542;VINOTEKET AS
821066212;RS GLOBAL ENERGY AS
821072212;HILDRING HAVN AS
821090822;COWORX MANDAL AS
821091942;LA MASKIN AS
821094682;Startuplab Founders AS
821107342;TAMAJ AS
821109582;Proff Gruppen Bygg AS
821126932;Gsj Invest AS
821135982;SJ FISK AS
821149282;EIDISSEN CODEX AS
821154502;Smart Arctic AS
821160022;Strendene Utviklingsselskap AS
821167922;NOA AS
821168082;STRANDHOLMEN AS
821178282;PRITEX AS
821180252;GS TRANSPORT SJAFKAT ASIF GONDAL
821182042;SVALBARD KYSTFISKE AS
821193842;Therese Kjøreskole AS
821196922;AveXis Switzerland GmbH
821198062;BLÅMYRA AS
821199832;BIRKELAND TOTALENTREPRENØR AS
821205522;PRAELIA AS
821209862;NORA HAGFORS INTERIØRARKITEKTUR AS
821219612;TANNKLINIKKEN MARISOL & KALDHEIM AS
821228182;MB BYGG AS
821249902;Hov Eiendom og Utleie AS
821255112;Madame Beauté Cristina Ioana Ionita Skjæveland
821284732;HAMNAHOLMEN MARINA AS
821306272;AMUNDSEN BAD & FLIS
821307872;ASBJØRNSEN BYGG
821332532;ROBOTIC TOWBARS AS
821336112;BIOFOREDLING AS
821351952;TERNEN UTBYGGING AS
821356172;SAMEIET HVETEVEGEN BKS7
821374502;POSITIV KOMPETANSE NORGE AS
821377242;A MONCLAIR
821406382;AGK AS
821408172;FLORØ MOTE AS
821422442;MERAKI FRISØR AS
821430062;GRAVALID HOLDING AS
821435412;JOACHIM BANG
821439132;BENT R. BERGER AS
821451442;TBK JENSEN
821453402;SAMEIET AUREOSEN BRYGGE
821456002;AURSNES & PARTNERS EIENDOMSMEGLING ÅLESUND AS
821465362;STENSAAS CONSULTING
821469902;KVITFJELLTOPPEN SAMEIERFORENING (KSF)
821479762;ANDERS SKJOLDSVEI 26,28,30,32 OG 34
821493412;SULDAL SERVICE AS
821512662;Lassen Fjordfisk
821515432;KAPP SECURITIES AS
821523222;SILHUETT SYKKYLVEN AS
821532752;FORENINGSGATEN 1 AS
821533112;Snekker R. Ness AS
821542332;LUNA HANDEL AS
821553962;EIERSEKSJONSSAMEIET EPLEHAGEN
821568242;VAMO AS
821569222;KONGSVINGER EIENDOM HOLDING AS
821578582;SPESIALISTKLINIKKEN HAUGESUND AVDELING HUD ULRICH CHRISTIAN BIER
821581222;KRATHE HELSE AS
821586992;PART OF AS
821588782;GRÜNDERKLUBBEN AS
821609402;MINGE CONSULTING
821620392;HUG BETONG AS
821625122;ODDGEIR OLSTAD E70
821635462;GP SYSTEMS AS
821638402;LANDBRUKMEDMEIR ARNE KRINGLEN
821641802;Mistel Accounting AS
821648092;NORSEATECH AS
821661072;BOI GREFSEN 1 AS
821663482;Memento Network Services AS
821664462;NIPA HOLDING AS
821668832;GRANVOLL EIENDOM AS
821674662;ABL SKIN AS
821675022;GRØNLIA AS
821696232;Lofoten takst AS
821700922;ADDERO AS
821703522;Brevetti Nordic AS
821710022;FENNE MASKIN
821723442;SRS MASKIN & LANDBRUK AS
821723922;Balanse Eigedom AS
821729432;TELLA AS
821734452;GOFORIT AS
821741602;MOLNES SEAFOOD AS
821743842;L. SVARTDAL INVEST AS
821749492;Kaman AS
821756162;Deif Norge AS
821763622;Bergh Consulting
821777062;Get Accept AS
821785022;VARANGER TRAFIKKSKOLE AS
821788862;HEADLOCK INVEST AS
821792282;TREBYGG SØR AS
821800382;SOURTÀ EIENDOM AS
821800412;SUORTÀ INVEST AS
821829682;MOBMAN AS
821842972;ARWA AUTO SERVICE NAEL ABDULHAKIM ABUSHANAB
821845262;ATL AS
821846242;SNEKKER HOLDING AS
821862132;AURDAL TAXI
821888522;Huddlestock Fintech AS
821889472;ECO STOR AS
821903092;FROM AS
821926122;APOLLÔN II AS
821962412;H.H. EIENDOM AS
821968402;ADVOKATFIRMAET MØLLER AS
821971462;Hexeberg Holding AS
821992192;ASF HOLDING AS
821998662;OMEGA Tek AS
822017002;MODAL AKTIVA AS
822017762;Sandefjord Betongsaging AS
822021662;Asfalt-Industri AS
822024742;ADVOKATFIRMAET ØSTVIK AS
822031102;SVENSK EL-KVALITÈ AS
822046282;R HANSEN CONSULTING
822047572;HV VII Invest Foxtrot II AS
822053602;TORIL N. JAREN AS
822055362;HR NORDIC BIDCO AS
822059902;MIINT INTERNATIONAL R.SIKORA
822067662;BOLIG FOR FOLKET AS
822076882;MA AKTIVA AS
822082432;REINEBRINGEN SPORT AS
822088422;ØKSNES MØBELSENTER AS
822096972;TRYGGE BARN 2.0 AS
822105262;Tnv Holding AS
822111432;HJELPEMIDLER ØST AS
822122922;LINDA STUHAUG AS
822123562;CLAQ AS
822155022;JYW AS
822168132;ELDØY AS
822168752;Sport Outlet Narvik 70 AS
822171982;VINDU & HÅNDVERK AS
822193722;MUDO GYM NOTODDEN AS
822198422;BERG-JENSEN INVEST AS
822200702;LENE FRIBERG-MASSASJETERAPEUT AS
822205682;Mg Tech AS
822207812;VISIT ALTA AS
822213022;Vognveien 43 AS
822219802;FRISØRSALONG LILLE MARIA IDZANOVIC
822221742;GULLE EIENDOM AS
822234372;Monica Kolseth
822235182;AM SKOGSDRIFT AS
822244572;MAP CO OSLO AS
822245242;KRAMSJØ AS
822249892;Skolegata 14-16 AS
822264042;47Bygg AS
822298362;Sandel Toader Transport
822299792;ROGALAND HUS OG HAGE AS
822304842;MDP AS
822349072;VETERINÆRVIKAREN AS
822349242;NORINNOVA NARVIK AS
822352332;TØMRER IVAR BAKKEN-BERG
822355102;Ki-Tech Global AS
822363792;Hansnes Fisk AS
822364632;MORGENSTJERNEN TRIVSELSBOLIG AS
822365582;Larsnes Holding AS
822375952;Det Glutenfrie Verksted AS
822396992;SHIPSHAVE AS
822403972;EVO PARTNERS AS
822406742;MARMAG HENRIKSEN
822433502;Mari Staveland AS
822538452;Cathrines Alternativ AS
822585582;DR KYSTFISKE AS
822595332;LOS TACOS LØKKA AS
822611362;Ola Pettersen
822611672;BLIKOM MEKANISKE
822633242;HELGELAND OPPLEVELSER AS
822652662;Sebari Motor AS
822667422;BYGGTJENESTER HADELAND AS
822695302;E&C TØMRERTJENESTER AS
822698042;Gnist Ratvika Eiendom AS
822706592;Norwaste AS
822706762;XIN AS
822708862;BJØRGESÆTRA UTVIKLING AS
822712452;FOCUS KAFE AS
822719392;Mantiz AS
822723802;CIVIL GROUP AS
822724752;SALTVIK MEKANISKE AS
822742122;Sætre Eiendomsinvest AS
822745512;Andreas Jahr AS
822750192;LØKKACATERING AS
822753892;Kabelvåg Regnskap AS
822772412;NORDRE SØRØYA RORBUER AS
822772552;Kvinnherad Fjordresort AS
822773052;ALTA RENHOLD AS
822773532;FURULUND MASKIN ENTREPRENØR AS
822790232;SKODVIN GARD 96/3 ØYVIND FESTE
822810152;SLOTTSFJELLET INVEST AS
822828132;LYGREGÅRDEN EIENDOM AS
822835872;D-LIGHT AS
822845932;RUND BAUT AS
822851932;KAIA HEGRE AS
822875912;Oddleiv Sæle Konsult AS
822880312;CLAY FILLER UTLEIE PÅL-EIRIK SEDOLFSEN
822884512;PANDORA-NORGE JOHN PETTER THINGSTAD
822886582;PIXERY MEDIA NORWAY AS
822903312;SPIRE INNOVASJON AS
822904602;JEGERS SERVICEBUREAU AS
822904882;ED SOLUTIONS AS
822906222;HUSTADVIKA TRAFIKKSKOLE AS
822907172;KJELVIKSPILLET AS
822917372;FUZZY MOLDE AS
822927602;SQT AS
822928552;WEX APARTMENTS AS
822939562;VERO BYGG EIENDOM AS
822941222;CIVIL MANAGEMENT AS
822953972;NRGIZE AS
822960472;TORGERSEN LANGGATEN 38
822965962;HATCH ACCELERATOR FUND AS
822969062;Oppsving Eiendom AS
822981712;TASTE OF THAI AS
822989152;Nordre Torv 6 AS
823010702;MATHISEN HUS & HYTTESERVICE OLE JOHAN MATHISEN
823011512;Orvei Invest AS
823017022;ØLØL AS
823048912;LJ ERVIK CONSULTING
823070632;VIK BYGGSERVICE AS
823073232;ESPEN SIMENSEN HOLDING AS
823099002;KREKLING CONSULTING AS
823119542;JAKOBSEN MEKANISKE VERKSTED DRIFT AS
823130422;HELGELAND REVISJON AS
823131542;DANIEL PLURA SNEKKERSERVICE AS
823145802;STILLAS1 AS
823149972;RYDMARKGÅRDEN & CO AS
823160712;JOBBUTSTYR AS
823163762;HABO-EIENDOM AS
823169442;STRYN HOUSE APARTMENTS AS
823171382;BESITY AS
823176732;EXCESS HOLDING AS
823187912;OPTUS AS
823194552;Sentrum Regnskap Edina Brohier
823197942;ØVRE 2 AS
823212852;UGLE EIENDOM AS
823219342;Ulrix Personal AS
823231032;AASLAND AS
823242352;Blomsterteltet Tynset AS
823244002;H. HOLMEBAKKEN AS
823251602;FOSSHEIM TURISTHOTELL AS
823256272;Endretta AS
823261152;KNIKSEN SPORTSBAR OASEN AS
823261292;SLØRDAHL BYGGSERVICE AS
823321902;ARCTIC LOGISTICS AS
823323492;BEAUTY BY ANNA AS
823336772;Hjelsethgården Martin L. Hjelseth
823378882;SØR TECH AS
823388152;SCITUS AS
823393342;RNP E2 AS
823400632;Kokstadflaten Utleie AS
823404522;SKYSET UTBYGGING AS
823414862;NORTHCON NORGE AS
823417942;Skjoldingsneset Eiendom AS
823421192;Sandblåsing Metallisering Og Overflatebehandling AS
823441142;Dokka Farge Og Miljø AS
823450982;DEVOLD CONSULTING AS
823458452;THAI SABAI MASSASJE AS
823459602;BANKEN CAFÈ AS
823479522;SÆVEREID CONSULTING AS
823479662;INVESTAD AS
823480652;LH OG SØNN AS
823485352;Drabløs Bygg
823554052;Bare 3 AS
823566042;UNDERDAL MASKIN
823567952;Kids Og Kaffe AS
823577842;REFSTADVEIEN 22 AS
823600372;PAXON HAUGESUND AS
823617232;HALLERUD CONSULTING AS
823624182;Tasteful Foods Norway AS
823627432;MERKURPOS AS
823633882;EBUTIKKEN UTVIKLING AS